source_ip,dest_ip,packet_size,time_diff
88.212.201.205,10.10.6.233,66,0
10.10.6.233,88.212.201.205,73,0
88.212.196.101,10.10.6.233,66,0
10.10.6.233,88.212.196.101,73,0
88.212.196.101,10.10.6.233,66,0.11148300000013478
10.10.6.233,88.212.196.101,73,0.13576000000011845
88.212.196.66,10.10.6.233,66,0
10.10.6.233,88.212.196.66,73,0
88.212.201.194,10.10.6.233,66,0
10.10.6.233,88.212.201.194,73,0
10.10.6.233,178.79.140.123,550,0
10.10.6.233,45.63.42.210,548,0
178.79.140.123,10.10.6.233,70,0
45.63.42.210,10.10.6.233,70,0
10.10.6.233,45.32.151.117,549,0
10.10.6.233,45.56.123.148,549,0
45.32.151.117,10.10.6.233,70,0
10.10.6.233,104.237.139.206,551,0
10.10.6.233,45.79.99.69,547,0
10.10.6.233,139.162.180.245,551,0
139.162.180.245,10.10.6.233,70,0
10.10.6.233,104.207.141.178,551,0
10.10.6.233,104.207.144.61,550,0
10.10.6.233,104.156.252.119,551,0
10.10.6.233,139.162.180.245,73,0.07811600000059116
45.56.123.148,10.10.6.233,70,0
104.237.139.206,10.10.6.233,70,0
10.10.6.233,103.3.62.170,548,0
139.162.180.245,10.10.6.233,69,0.07874900000024354
10.10.6.233,139.162.12.60,549,0
10.10.6.233,139.162.180.245,73,0.032809000000270316
45.79.99.69,10.10.6.233,70,0
10.10.6.233,104.156.233.25,550,0
139.162.180.245,10.10.6.233,69,0.04503699999986566
104.207.144.61,10.10.6.233,70,0
104.207.141.178,10.10.6.233,70,0
10.10.6.233,139.162.180.245,73,0.12437499999941792
139.162.180.245,10.10.6.233,69,0.1118480000004638
104.156.252.119,10.10.6.233,87,0
104.156.252.119,10.10.6.233,70,4.600000102072954e-05
10.10.6.233,104.207.141.178,73,0.24691700000039418
10.10.6.233,139.162.180.245,73,0.03758600000037404
10.10.6.233,104.156.252.119,73,0.21443700000054378
139.162.180.245,10.10.6.233,69,0.0442189999994298
10.10.6.233,139.162.180.245,73,0.052118999999947846
103.3.62.170,10.10.6.233,70,0
139.162.180.245,10.10.6.233,69,0.046511000000464264
139.162.12.60,10.10.6.233,70,0
10.10.6.233,103.3.62.170,73,0.29116699999940465
10.10.6.233,139.162.180.245,73,0.05791499999941152
10.10.6.233,139.162.12.60,73,0.2757129999990866
139.162.180.245,10.10.6.233,69,0.07335699999930512
104.156.233.25,10.10.6.233,70,0
104.207.141.178,10.10.6.233,69,0.24734200000057172
10.10.6.233,139.162.180.245,73,0.08419900000080816
10.10.6.233,104.156.233.25,73,0.3288090000005468
10.10.6.233,104.207.141.178,73,0.19992999999885797
104.156.252.119,10.10.6.233,69,0.2291719999993802
139.162.180.245,10.10.6.233,69,0.08036600000014005
10.10.6.233,45.32.130.155,549,0
10.10.6.233,104.156.252.119,73,0.3322810000008758
10.10.6.233,139.162.180.245,73,0.13998499999979686
139.162.180.245,10.10.6.233,69,0.12676900000042224
139.162.12.60,10.10.6.233,69,0.27542199999879813
10.10.6.233,139.162.180.245,73,0.025271000000429922
10.10.6.233,139.162.12.60,73,0.24945699999989301
103.3.62.170,10.10.6.233,69,0.30616599999848404
104.207.141.178,10.10.6.233,69,0.19898900000043795
139.162.180.245,10.10.6.233,69,0.03657000000021071
10.10.6.233,103.3.62.170,73,0.27798600000096485
10.10.6.233,104.207.141.178,73,0.21713799999997718
10.10.6.233,139.162.180.245,73,0.05561099999977159
139.162.180.245,10.10.6.233,69,0.0443119999999908
10.10.6.233,139.162.180.245,73,0.034024000000499655
139.162.180.245,10.10.6.233,69,0.03413399999953981
10.10.6.233,139.162.180.245,73,0.032351999998354586
45.32.130.155,10.10.6.233,70,0
104.156.233.25,10.10.6.233,69,0.3286869999992632
139.162.180.245,10.10.6.233,69,0.048122000000148546
10.10.6.233,104.156.233.25,73,0.3321040000009816
10.10.6.233,139.162.180.245,73,0.04747700000007171
104.156.252.119,10.10.6.233,69,0.31994200000008277
139.162.180.245,10.10.6.233,69,0.031643000000258326
10.10.6.233,104.156.252.119,73,0.22708899999997811
10.10.6.233,139.162.180.245,73,0.032780000001366716
139.162.180.245,10.10.6.233,69,0.03406699999868579
104.207.141.178,10.10.6.233,69,0.20384799999919778
139.162.12.60,10.10.6.233,69,0.2510610000008455
10.10.6.233,139.162.180.245,73,0.04857399999855261
10.10.6.233,104.207.141.178,73,0.1989850000009028
10.10.6.233,139.162.12.60,73,0.2510360000014771
10.10.6.233,104.156.233.25,72,0.09948199999962526
10.10.6.233,103.3.62.170,72,0.23784599999999045
10.10.6.233,104.156.252.119,72,0.06460599999991246
10.10.6.233,139.162.12.60,72,0.015357999998741434
10.10.6.233,104.207.141.178,72,0.015535000000454602
10.10.6.233,139.162.180.245,72,0.015858000000662287
139.162.180.245,10.10.6.233,69,0.0489240000006248
103.3.62.170,10.10.6.233,69,0.2789470000006986
104.156.252.119,10.10.6.233,69,0.2244829999999638
104.207.141.178,10.10.6.233,69,0.19996200000059616
104.156.233.25,10.10.6.233,69,0.33192500000041036
10.10.6.233,139.162.209.143,551,0
139.162.209.143,10.10.6.233,70,0
139.162.12.60,10.10.6.233,69,0.25043799999912153
88.212.196.66,10.10.6.233,66,7097.741503
10.10.6.233,88.212.196.66,73,7097.741604000001
10.10.6.233,139.162.177.102,551,0
10.10.6.233,212.71.251.148,550,0
10.10.6.233,107.191.63.59,549,0
212.71.251.148,10.10.6.233,70,0
10.10.6.233,45.32.184.218,549,0
139.162.177.102,10.10.6.233,87,0
139.162.177.102,10.10.6.233,70,0.00015900000289548188
45.32.184.218,10.10.6.233,70,0
107.191.63.59,10.10.6.233,70,0
10.10.6.233,45.79.143.82,548,0
10.10.6.233,45.33.112.28,548,0
10.10.6.233,45.79.99.69,547,75514.324677
10.10.6.233,104.156.252.119,551,75513.431772
10.10.6.233,139.162.177.102,73,0.16584499999589752
10.10.6.233,45.32.184.218,73,0.14603299999726005
45.79.143.82,10.10.6.233,70,0
10.10.6.233,45.32.138.125,549,0
45.32.184.218,10.10.6.233,69,0.146110999994562
10.10.6.233,45.79.143.82,73,0.11708199999702629
139.162.177.102,10.10.6.233,69,0.16317400000116322
10.10.6.233,45.79.138.43,548,0
10.10.6.233,45.76.101.99,548,0
45.33.112.28,10.10.6.233,70,0
10.10.6.233,45.32.184.218,73,0.06684800000221003
10.10.6.233,139.162.177.102,73,0.06757500000821892
45.32.184.218,10.10.6.233,69,0.06642600000486709
139.162.177.102,10.10.6.233,69,0.05157500000495929
45.79.143.82,10.10.6.233,69,0.10954099999798927
45.79.99.69,10.10.6.233,70,75514.336452
104.156.252.119,10.10.6.233,70,75513.446171
10.10.6.233,45.33.112.28,73,0.19872600000235252
45.79.138.43,10.10.6.233,70,0
10.10.6.233,45.63.30.16,547,0
10.10.6.233,45.32.184.218,73,0.10045100000570528
10.10.6.233,139.162.177.102,73,0.09988599999633152
10.10.6.233,45.79.143.82,73,0.14352800000051502
10.10.6.233,45.79.99.69,73,0.20632199999818113
10.10.6.233,104.156.252.119,73,0.19698999999673106
10.10.6.233,45.79.138.43,73,0.11709800000244286
45.32.138.125,10.10.6.233,70,0
45.32.184.218,10.10.6.233,69,0.10048500000266358
139.162.177.102,10.10.6.233,69,0.10924299999896903
10.10.6.233,45.32.184.218,73,0.0489510000043083
10.10.6.233,139.162.177.102,73,0.04884799999126699
45.32.184.218,10.10.6.233,69,0.05033499999262858
139.162.177.102,10.10.6.233,69,0.04704499999934342
45.79.143.82,10.10.6.233,69,0.13779199999407865
45.79.138.43,10.10.6.233,69,0.11996300000464544
10.10.6.233,139.162.61.237,550,0
45.33.112.28,10.10.6.233,69,0.2016319999966072
10.10.6.233,45.32.184.218,73,0.07296799999312498
10.10.6.233,45.63.66.64,547,0
10.10.6.233,139.162.177.102,73,0.08427200000733137
10.10.6.233,45.79.143.82,73,0.13281399999686982
10.10.6.233,45.79.138.43,73,0.132329000000027
10.10.6.233,45.33.112.28,73,0.16542699999990873
45.32.184.218,10.10.6.233,69,0.071630999998888
10.10.6.233,45.32.184.218,73,0.015977999995811842
45.79.99.69,10.10.6.233,69,0.19910699999309145
45.76.101.99,10.10.6.233,70,0
10.10.6.233,45.32.85.109,548,0
45.32.184.218,10.10.6.233,69,0.01583299999765586
104.156.252.119,10.10.6.233,69,0.19691400000010617
139.162.177.102,10.10.6.233,69,0.10575800000515301
45.79.138.43,10.10.6.233,69,0.12286699999822304
45.79.143.82,10.10.6.233,69,0.14333500000066124
10.10.6.233,45.79.99.69,73,0.23073900000599679
10.10.6.233,45.76.101.99,73,0.3359740000014426
10.10.6.233,45.32.184.218,73,0.09824200000730343
10.10.6.233,104.156.252.119,73,0.23546999999962281
10.10.6.233,139.162.177.102,73,0.10874700000567827
10.10.6.233,45.79.138.43,73,0.10921899999084417
10.10.6.233,45.79.143.82,73,0.10942500000237487
45.32.184.218,10.10.6.233,69,0.09827000000223052
45.33.112.28,10.10.6.233,69,0.15792300000612158
139.162.177.102,10.10.6.233,69,0.07803799999237526
10.10.6.233,45.32.184.218,73,0.029542999996920116
10.10.6.233,45.33.112.28,73,0.1325069999875268
10.10.6.233,139.162.177.102,73,0.02598500000021886
45.63.30.16,10.10.6.233,70,0
45.32.184.218,10.10.6.233,69,0.02962400000251364
139.162.177.102,10.10.6.233,69,0.031902000002446584
45.63.66.64,10.10.6.233,70,0
45.32.85.109,10.10.6.233,87,0
45.32.85.109,10.10.6.233,70,1.0000003385357559e-05
45.79.138.43,10.10.6.233,69,0.11999599999398924
139.162.61.237,10.10.6.233,70,0
45.79.143.82,10.10.6.233,69,0.1202049999992596
10.10.6.233,45.63.30.16,73,0.39530099999683443
10.10.6.233,45.32.184.218,73,0.11520000000018626
10.10.6.233,139.162.177.102,73,0.11298999999416992
10.10.6.233,45.63.66.64,73,0.24783299998671282
10.10.6.233,45.32.85.109,73,0.23157000000355765
45.33.112.28,10.10.6.233,69,0.12665599999309052
10.10.6.233,139.162.160.112,551,0
45.79.99.69,10.10.6.233,69,0.24891500000376254
104.156.252.119,10.10.6.233,69,0.24114599998574704
45.32.184.218,10.10.6.233,69,0.11521699999866541
10.10.6.233,45.79.138.43,73,0.1613870000001043
139.162.177.102,10.10.6.233,69,0.13099700000020675
139.162.160.112,10.10.6.233,87,0
139.162.160.112,10.10.6.233,70,0.00011800001084338874
10.10.6.233,139.162.61.237,73,0.33468500000890344
10.10.6.233,45.79.143.82,73,0.18891500000609085
10.10.6.233,45.33.112.28,73,0.16853999999875668
45.76.101.99,10.10.6.233,69,0.3352840000006836
10.10.6.233,45.79.99.69,73,0.24940099999366794
10.10.6.233,104.156.252.119,73,0.24466800001391675
10.10.6.233,45.32.184.218,73,0.10025899999891408
10.10.6.233,139.162.177.102,73,0.10135100000479724
10.10.6.233,139.162.160.112,73,0.09254699999291915
10.10.6.233,45.76.101.99,73,0.2553439999901457
45.79.138.43,10.10.6.233,69,0.15893700000015087
45.32.184.218,10.10.6.233,69,0.1004289999982575
139.162.177.102,10.10.6.233,69,0.07756900000094902
45.79.143.82,10.10.6.233,69,0.1669030000048224
139.162.160.112,10.10.6.233,69,0.09165199998824392
10.10.6.233,45.79.138.43,73,0.12160500000754837
10.10.6.233,45.32.184.218,73,0.04438300000037998
10.10.6.233,139.162.177.102,73,0.044578000000910833
10.10.6.233,45.79.143.82,73,0.09569099999498576
45.32.85.109,10.10.6.233,69,0.2301830000069458
45.32.184.218,10.10.6.233,69,0.04416000000492204
45.63.66.64,10.10.6.233,69,0.239240000009886
45.33.112.28,10.10.6.233,69,0.16765299999678973
139.162.177.102,10.10.6.233,69,0.06603200000245124
10.10.6.233,139.162.160.112,73,0.09446000000752974
10.10.6.233,45.32.85.109,73,0.19959799999196548
10.10.6.233,45.32.184.218,73,0.05532400000083726
10.10.6.233,45.63.66.64,73,0.19976000000315253
10.10.6.233,45.33.112.28,73,0.14652900000510272
10.10.6.233,139.162.177.102,73,0.05397699998866301
139.162.160.112,10.10.6.233,69,0.07639800000470132
45.32.184.218,10.10.6.233,69,0.05550499999662861
139.162.177.102,10.10.6.233,69,0.0416689999983646
45.79.138.43,10.10.6.233,69,0.11947099999815691
45.79.143.82,10.10.6.233,69,0.10940800000389572
45.79.99.69,10.10.6.233,69,0.23587899999984074
104.156.252.119,10.10.6.233,69,0.2377740000083577
10.10.6.233,139.162.160.112,73,0.06800899999507237
10.10.6.233,45.32.184.218,73,0.06564200000138953
10.10.6.233,139.162.177.102,73,0.06810100001166575
10.10.6.233,45.79.138.43,73,0.12396299999090843
10.10.6.233,45.79.143.82,73,0.12216199999966193
10.10.6.233,45.79.99.69,73,0.16871300000639167
10.10.6.233,104.156.252.119,73,0.16855399998894427
45.32.184.218,10.10.6.233,69,0.06568899999547284
139.162.160.112,10.10.6.233,69,0.0706040000077337
10.10.6.233,45.32.184.218,73,0.025248000005376525
10.10.6.233,139.162.160.112,73,0.027723999999579974
45.63.30.16,10.10.6.233,69,0.3950760000006994
45.32.184.218,10.10.6.233,69,0.025018000000272878
139.162.61.237,10.10.6.233,69,0.3532300000078976
139.162.177.102,10.10.6.233,69,0.08954800000356045
45.33.112.28,10.10.6.233,69,0.1466329999966547
139.162.160.112,10.10.6.233,69,0.04009599999699276
45.79.138.43,10.10.6.233,69,0.120561000003363
10.10.6.233,45.63.30.16,73,0.3549439999915194
10.10.6.233,45.32.184.218,73,0.06403999999747612
10.10.6.233,139.162.61.237,73,0.3042869999917457
10.10.6.233,139.162.177.102,73,0.08680199999071192
10.10.6.233,45.33.112.28,73,0.15492400000221096
10.10.6.233,139.162.160.112,73,0.06202700000721961
45.32.85.109,10.10.6.233,69,0.19970399999874644
10.10.6.233,45.79.138.43,73,0.09287700000277255
45.79.143.82,10.10.6.233,69,0.12336499999219086
45.76.101.99,10.10.6.233,69,0.26350400000228547
45.63.66.64,10.10.6.233,69,0.20209199999226257
10.10.6.233,45.32.85.109,73,0.1655600000085542
139.162.160.112,10.10.6.233,69,0.04538999999931548
45.32.184.218,10.10.6.233,69,0.06617700000060722
139.162.177.102,10.10.6.233,69,0.07926299999235198
45.79.99.69,10.10.6.233,69,0.1598379999923054
104.156.252.119,10.10.6.233,69,0.1683880000055069
10.10.6.233,45.79.143.82,73,0.15313800000876654
10.10.6.233,45.76.101.99,73,0.3156230000022333
10.10.6.233,45.63.66.64,73,0.22179599999799393
10.10.6.233,139.162.160.112,73,0.0664449999894714
10.10.6.233,45.32.184.218,73,0.06690799999341834
10.10.6.233,139.162.177.102,73,0.06690900000103284
10.10.6.233,45.79.99.69,73,0.15322699998796452
10.10.6.233,104.156.252.119,73,0.16362000000663102
45.32.184.218,10.10.6.233,69,0.06491600000299513
139.162.177.102,10.10.6.233,69,0.045226000002003275
45.79.138.43,10.10.6.233,69,0.09004199999617413
139.162.160.112,10.10.6.233,69,0.0741520000010496
10.10.6.233,45.63.30.16,72,0.09696900000562891
10.10.6.233,139.162.61.237,72,0.09698500001104549
10.10.6.233,45.76.101.99,72,0.0301610000024084
10.10.6.233,45.63.66.64,72,0.030183000009856187
10.10.6.233,45.32.85.109,72,0.0864819999987958
10.10.6.233,45.79.99.69,72,0.03022400000190828
10.10.6.233,104.156.252.119,72,0.019870999996783212
10.10.6.233,45.33.112.28,72,0.09721900000295136
10.10.6.233,139.162.160.112,72,0.030399000010220334
10.10.6.233,45.79.138.43,72,0.0907630000001518
10.10.6.233,45.79.143.82,72,0.030568999995011836
10.10.6.233,139.162.177.102,72,0.03056700000888668
10.10.6.233,45.32.184.218,72,0.030675999994855374
45.33.112.28,10.10.6.233,69,0.15885100000014063
45.79.143.82,10.10.6.233,69,0.137419000006048
45.32.85.109,10.10.6.233,69,0.1665320000029169
45.79.99.69,10.10.6.233,69,0.15812400000868365
104.156.252.119,10.10.6.233,69,0.16316399999777786
45.63.66.64,10.10.6.233,69,0.2200650000013411
139.162.61.237,10.10.6.233,69,0.2886670000007143
45.63.30.16,10.10.6.233,69,0.35489699999743607
45.76.101.99,10.10.6.233,69,0.3057919999992009
10.10.6.233,108.61.117.147,550,0
108.61.117.147,10.10.6.233,70,0
10.10.6.233,108.61.117.147,73,0.03312600000936072
10.10.6.233,108.61.117.147,117,7.899999036453664e-05
10.10.6.233,108.61.117.147,82,0.017162000003736466
108.61.117.147,10.10.6.233,69,0.04587000000174157
108.61.117.147,10.10.6.233,69,3.999986802227795e-06
108.61.117.147,10.10.6.233,85,3.000008291564882e-06
108.61.117.147,10.10.6.233,1434,0.03055500000482425
108.61.117.147,10.10.6.233,908,4.999994416721165e-06
10.10.6.233,108.61.117.147,73,0.05592699999397155
108.61.117.147,10.10.6.233,948,0.03758499999821652
108.61.117.147,10.10.6.233,69,0.009030000001075678
108.61.117.147,10.10.6.233,884,0.026891000001342036
10.10.6.233,108.61.117.147,82,0.07860600001004059
108.61.117.147,10.10.6.233,884,0.047691999992821366
108.61.117.147,10.10.6.233,905,0.03725400000985246
108.61.117.147,10.10.6.233,1011,0.03532299998914823
10.10.6.233,108.61.117.147,73,0.1374329999962356
108.61.117.147,10.10.6.233,882,0.04165800000191666
108.61.117.147,10.10.6.233,69,0.011469000004581176
108.61.117.147,10.10.6.233,887,0.032930000001215376
10.10.6.233,108.61.117.147,82,0.08115199999883771
108.61.117.147,10.10.6.233,873,0.033230999993975274
108.61.117.147,10.10.6.233,919,0.04375399999844376
10.10.6.233,108.61.117.147,73,0.05250700000033248
108.61.117.147,10.10.6.233,69,0.017206000004080124
10.10.6.233,108.61.117.147,82,0.018270000000484288
108.61.117.147,10.10.6.233,930,0.020199000005959533
10.10.6.233,108.61.117.147,73,0.04914400000416208
108.61.117.147,10.10.6.233,1002,0.03859699999156874
10.10.6.233,108.61.117.147,82,0.014806999999564141
108.61.117.147,10.10.6.233,69,0.008335999998962507
108.61.117.147,10.10.6.233,957,0.033020000002579764
10.10.6.233,108.61.117.147,73,0.06444799999007955
108.61.117.147,10.10.6.233,951,0.04035199999634642
10.10.6.233,108.61.117.147,82,0.015551000004052185
108.61.117.147,10.10.6.233,69,0.007718000008026138
108.61.117.147,10.10.6.233,902,0.03136199999426026
108.61.117.147,10.10.6.233,903,0.03915399999823421
10.10.6.233,108.61.117.147,73,0.08940799999982119
10.10.6.233,108.61.117.147,82,0.01507300000230316
108.61.117.147,10.10.6.233,908,0.04656500001146924
108.61.117.147,10.10.6.233,69,0.014073999991524033
108.61.117.147,10.10.6.233,957,0.025369000009959564
10.10.6.233,108.61.117.147,73,0.07115299999713898
10.10.6.233,108.61.117.147,82,0.009459000008064322
108.61.117.147,10.10.6.233,877,0.0353049999976065
108.61.117.147,10.10.6.233,69,0.00933400000212714
108.61.117.147,10.10.6.233,901,0.02974299999186769
10.10.6.233,108.61.117.147,73,0.06808499999169726
10.10.6.233,108.61.117.147,82,0.013913000002503395
108.61.117.147,10.10.6.233,934,0.04037800000514835
108.61.117.147,10.10.6.233,69,0.009153999999398366
108.61.117.147,10.10.6.233,887,0.030748000004678033
10.10.6.233,108.61.117.147,73,0.05474599999433849
108.61.117.147,10.10.6.233,69,0.024825999993481673
10.10.6.233,108.61.117.147,82,0.01827100000809878
108.61.117.147,10.10.6.233,844,0.015901999999186955
108.61.117.147,10.10.6.233,1008,0.038633000003756024
10.10.6.233,108.61.117.147,73,0.054923000003327616
108.61.117.147,10.10.6.233,69,0.017907000001287088
10.10.6.233,108.61.117.147,82,0.016938000000664033
108.61.117.147,10.10.6.233,892,0.021972999995341524
10.10.6.233,108.61.117.147,73,0.057954999996582046
108.61.117.147,10.10.6.233,822,0.045056999995722435
10.10.6.233,108.61.117.147,82,0.014133000004221685
108.61.117.147,10.10.6.233,69,0.009709999998449348
108.61.117.147,10.10.6.233,800,0.029961000007460825
10.10.6.233,108.61.117.147,73,0.05122299998765811
108.61.117.147,10.10.6.233,831,0.03469000000040978
10.10.6.233,108.61.117.147,82,0.016724000000976957
108.61.117.147,10.10.6.233,69,0.00810799999453593
108.61.117.147,10.10.6.233,980,0.03242800000589341
108.61.117.147,10.10.6.233,921,0.03943000000435859
10.10.6.233,108.61.117.147,73,0.1141090000019176
108.61.117.147,10.10.6.233,942,0.040292999998200685
10.10.6.233,108.61.117.147,82,0.010823000004165806
108.61.117.147,10.10.6.233,69,0.009344999998575076
108.61.117.147,10.10.6.233,865,0.030717000001459382
10.10.6.233,108.61.117.147,73,0.05882500000006985
10.10.6.233,108.61.117.147,82,0.012726000000839122
108.61.117.147,10.10.6.233,823,0.046709000002010725
108.61.117.147,10.10.6.233,69,0.0101859999995213
108.61.117.147,10.10.6.233,817,0.02277499999036081
10.10.6.233,108.61.117.147,73,0.05479399999603629
10.10.6.233,108.61.117.147,82,0.013290999995660968
108.61.117.147,10.10.6.233,69,0.026664000004529953
108.61.117.147,10.10.6.233,846,0.015790000004926696
10.10.6.233,108.61.117.147,73,0.05334100000618491
108.61.117.147,10.10.6.233,888,0.03853599999274593
108.61.117.147,10.10.6.233,69,0.012348999996902421
10.10.6.233,108.61.117.147,82,0.01565699999628123
108.61.117.147,10.10.6.233,907,0.03411500000220258
10.10.6.233,108.61.117.147,73,0.059116000003996305
10.10.6.233,108.61.117.147,82,0.006468999999924563
108.61.117.147,10.10.6.233,855,0.034062999999150634
108.61.117.147,10.10.6.233,69,0.008665000001201406
108.61.117.147,10.10.6.233,855,0.029834000000846572
10.10.6.233,108.61.117.147,73,0.05896799999754876
10.10.6.233,108.61.117.147,82,0.015691000007791445
108.61.117.147,10.10.6.233,902,0.042482999997446314
108.61.117.147,10.10.6.233,69,0.008643000008305535
108.61.117.147,10.10.6.233,871,0.03231699999014381
10.10.6.233,108.61.117.147,73,0.0603899999987334
10.10.6.233,108.61.117.147,82,0.014890999998897314
108.61.117.147,10.10.6.233,69,0.026545000000623986
108.61.117.147,10.10.6.233,881,0.0145160000101896
10.10.6.233,108.61.117.147,73,0.05056200000399258
108.61.117.147,10.10.6.233,855,0.03893699999025557
108.61.117.147,10.10.6.233,69,0.011529000010341406
10.10.6.233,108.61.117.147,82,0.016425999987404794
108.61.117.147,10.10.6.233,907,0.031401000000187196
108.61.117.147,10.10.6.233,895,0.034242999987327494
10.10.6.233,108.61.117.147,73,0.06611800000246149
10.10.6.233,108.61.117.147,82,0.00392400000419002
108.61.117.147,10.10.6.233,69,0.017381000012392178
108.61.117.147,10.10.6.233,831,0.028451999998651445
10.10.6.233,108.61.117.147,73,0.06040600000414997
10.10.6.233,108.61.117.147,82,0.006477999995695427
108.61.117.147,10.10.6.233,810,0.03367999999318272
108.61.117.147,10.10.6.233,69,0.008090000002994202
108.61.117.147,10.10.6.233,810,0.032393000001320615
10.10.6.233,108.61.117.147,73,0.059070999996038154
108.61.117.147,10.10.6.233,69,0.0268660000001546
10.10.6.233,108.61.117.147,82,0.015708999999333173
108.61.117.147,10.10.6.233,841,0.012774000002536923
10.10.6.233,108.61.117.147,73,0.046690000002854504
108.61.117.147,10.10.6.233,787,0.040246999997179955
10.10.6.233,108.61.117.147,82,0.014351999998325482
108.61.117.147,10.10.6.233,69,0.011098999995738268
108.61.117.147,10.10.6.233,797,0.02861799999664072
10.10.6.233,108.61.117.147,73,0.058862000005319715
10.10.6.233,108.61.117.147,82,0.012432999996235594
108.61.117.147,10.10.6.233,802,0.04422999999951571
108.61.117.147,10.10.6.233,69,0.009797999999136664
108.61.117.147,10.10.6.233,864,0.026073000000906177
10.10.6.233,108.61.117.147,73,0.05411599999933969
10.10.6.233,108.61.117.147,82,0.013757000007899478
108.61.117.147,10.10.6.233,69,0.0298120000079507
108.61.117.147,10.10.6.233,799,0.022165999995195307
108.61.117.147,10.10.6.233,776,0.03124500000558328
10.10.6.233,108.61.117.147,73,0.062368999992031604
10.10.6.233,108.61.117.147,82,0.009663999997428618
108.61.117.147,10.10.6.233,69,0.022289000000455417
108.61.117.147,10.10.6.233,753,0.015686999991885386
10.10.6.233,108.61.117.147,73,0.05580200000258628
108.61.117.147,10.10.6.233,731,0.03968400000303518
108.61.117.147,10.10.6.233,69,0.010024000002886169
10.10.6.233,108.61.117.147,82,0.016201999998884276
108.61.117.147,10.10.6.233,738,0.030549000002793036
10.10.6.233,108.61.117.147,73,0.05111100000794977
10.10.6.233,108.61.117.147,82,0.009347999992314726
108.61.117.147,10.10.6.233,852,0.03865899999800604
108.61.117.147,10.10.6.233,69,0.008591999998316169
108.61.117.147,10.10.6.233,778,0.03208799999265466
10.10.6.233,108.61.117.147,73,0.058439000000362284
10.10.6.233,108.61.117.147,82,0.011375000001862645
108.61.117.147,10.10.6.233,69,0.0257230000133859
108.61.117.147,10.10.6.233,851,0.01466999998956453
10.10.6.233,108.61.117.147,73,0.05726200000208337
108.61.117.147,10.10.6.233,844,0.040225000004284084
10.10.6.233,108.61.117.147,82,0.01247299999522511
108.61.117.147,10.10.6.233,69,0.013202000001911074
108.61.117.147,10.10.6.233,838,0.02507399999012705
10.10.6.233,108.61.117.147,73,0.05194699999992736
108.61.117.147,10.10.6.233,897,0.04039300000295043
10.10.6.233,108.61.117.147,82,0.01674300000013318
108.61.117.147,10.10.6.233,69,0.00894900001003407
108.61.117.147,10.10.6.233,856,0.033738999991328456
10.10.6.233,108.61.117.147,73,0.056984000009833835
10.10.6.233,108.61.117.147,82,0.01172099998802878
108.61.117.147,10.10.6.233,806,0.042908000003080815
108.61.117.147,10.10.6.233,69,0.012021999995340593
108.61.117.147,10.10.6.233,889,0.02202400000533089
10.10.6.233,108.61.117.147,73,0.07772000000113621
10.10.6.233,108.61.117.147,82,0.012564999997266568
108.61.117.147,10.10.6.233,797,0.04111399999237619
108.61.117.147,10.10.6.233,69,0.009945000012521632
108.61.117.147,10.10.6.233,881,0.029576999993878417
10.10.6.233,108.61.117.147,73,0.06052700000873301
10.10.6.233,108.61.117.147,82,0.005506999994395301
108.61.117.147,10.10.6.233,830,0.04002600000239909
108.61.117.147,10.10.6.233,69,0.01072599999315571
10.10.6.233,108.61.117.147,73,0.05859000000054948
108.61.117.147,10.10.6.233,759,0.03297800000291318
108.61.117.147,10.10.6.233,69,0.01729499999783002
10.10.6.233,108.61.117.147,82,0.01784100000804756
108.61.117.147,10.10.6.233,815,0.01943500000925269
10.10.6.233,108.61.117.147,73,0.04979199999070261
108.61.117.147,10.10.6.233,787,0.03937099999166094
10.10.6.233,108.61.117.147,82,0.01608200000191573
108.61.117.147,10.10.6.233,69,0.00968299999658484
108.61.117.147,10.10.6.233,849,0.03178600000683218
10.10.6.233,108.61.117.147,73,0.050952999998116866
10.10.6.233,108.61.117.147,82,0.015282000007573515
108.61.117.147,10.10.6.233,793,0.04021099999954458
108.61.117.147,10.10.6.233,69,0.008589999997639097
108.61.117.147,10.10.6.233,827,0.03143099999579135
10.10.6.233,108.61.117.147,73,0.057323999993968755
10.10.6.233,108.61.117.147,82,0.01188400000683032
108.61.117.147,10.10.6.233,69,0.02479900000616908
108.61.117.147,10.10.6.233,798,0.013665999998920597
10.10.6.233,108.61.117.147,73,0.053367999993497506
108.61.117.147,10.10.6.233,754,0.04040500000701286
10.10.6.233,108.61.117.147,82,0.015304000000469387
108.61.117.147,10.10.6.233,69,0.01324999998905696
108.61.117.147,10.10.6.233,805,0.026574000003165565
10.10.6.233,108.61.117.147,73,0.05182599999534432
10.10.6.233,108.61.117.147,82,0.012127000009058975
108.61.117.147,10.10.6.233,871,0.04625100000703242
108.61.117.147,10.10.6.233,69,0.012877999994088896
108.61.117.147,10.10.6.233,747,0.020854999995208345
10.10.6.233,108.61.117.147,73,0.05229900000267662
108.61.117.147,10.10.6.233,69,0.02301900000020396
10.10.6.233,108.61.117.147,82,0.015742999996291474
108.61.117.147,10.10.6.233,734,0.020111000005272217
10.10.6.233,108.61.117.147,73,0.05016800000157673
108.61.117.147,10.10.6.233,861,0.03851600000052713
10.10.6.233,108.61.117.147,82,0.015461999995750375
108.61.117.147,10.10.6.233,69,0.00830800000403542
108.61.117.147,10.10.6.233,815,0.03642599999147933
10.10.6.233,108.61.117.147,73,0.04958400000759866
10.10.6.233,108.61.117.147,82,0.020697999992989935
108.61.117.147,10.10.6.233,746,0.03496600000653416
108.61.117.147,10.10.6.233,69,0.012182999998913147
108.61.117.147,10.10.6.233,748,0.029842999996617436
10.10.6.233,108.61.117.147,73,0.0540949999995064
10.10.6.233,108.61.117.147,82,0.009906000006594695
108.61.117.147,10.10.6.233,69,0.025345000001834705
108.61.117.147,10.10.6.233,749,0.011337000003550202
10.10.6.233,108.61.117.147,73,0.05187799999839626
108.61.117.147,10.10.6.233,730,0.04078300000401214
108.61.117.147,10.10.6.233,69,0.009694999986095354
10.10.6.233,108.61.117.147,82,0.01708199999120552
108.61.117.147,10.10.6.233,812,0.031002000003354624
10.10.6.233,108.61.117.147,73,0.05081100000825245
10.10.6.233,108.61.117.147,82,0.012218999996548519
108.61.117.147,10.10.6.233,868,0.03867500000342261
108.61.117.147,10.10.6.233,69,0.008610000004409812
108.61.117.147,10.10.6.233,760,0.03145399999630172
10.10.6.233,108.61.117.147,73,0.05841899999359157
108.61.117.147,10.10.6.233,69,0.029821000003721565
10.10.6.233,108.61.117.147,82,0.01754800000344403
108.61.117.147,10.10.6.233,762,0.01622999999381136
10.10.6.233,108.61.117.147,73,0.04738099999667611
108.61.117.147,10.10.6.233,767,0.034106000006431714
10.10.6.233,108.61.117.147,82,0.014420000006793998
108.61.117.147,10.10.6.233,69,0.013474999999743886
108.61.117.147,10.10.6.233,748,0.026704999996582046
10.10.6.233,108.61.117.147,73,0.05619200000364799
108.61.117.147,10.10.6.233,748,0.04088499999488704
10.10.6.233,108.61.117.147,82,0.014566999991075136
108.61.117.147,10.10.6.233,69,0.009533999997074716
108.61.117.147,10.10.6.233,704,0.030674000008730218
10.10.6.233,108.61.117.147,73,0.05758600000990555
10.10.6.233,108.61.117.147,82,0.009924999991199002
108.61.117.147,10.10.6.233,725,0.039078000001609325
108.61.117.147,10.10.6.233,69,0.008810999992419966
108.61.117.147,10.10.6.233,658,0.03622900000482332
10.10.6.233,108.61.117.147,73,0.07333500000822823
10.10.6.233,108.61.117.147,82,0.014439999999012798
108.61.117.147,10.10.6.233,655,0.03533499999321066
108.61.117.147,10.10.6.233,69,0.009136000007856637
108.61.117.147,10.10.6.233,655,0.03609199999482371
10.10.6.233,108.61.117.147,73,0.05469499999890104
10.10.6.233,108.61.117.147,82,0.009758000000147149
108.61.117.147,10.10.6.233,69,0.022657000008621253
108.61.117.147,10.10.6.233,655,0.01156099999207072
10.10.6.233,108.61.117.147,73,0.05079900000419002
108.61.117.147,10.10.6.233,713,0.0402170000015758
108.61.117.147,10.10.6.233,69,0.00936599999840837
10.10.6.233,108.61.117.147,82,0.021065999986603856
108.61.117.147,10.10.6.233,739,0.03042700000514742
10.10.6.233,108.61.117.147,73,0.0496230000135256
10.10.6.233,108.61.117.147,82,0.010304999988875352
108.61.117.147,10.10.6.233,807,0.04000199999427423
108.61.117.147,10.10.6.233,69,0.00848299999779556
108.61.117.147,10.10.6.233,720,0.036458000002312474
108.61.117.147,10.10.6.233,777,0.0406760000041686
10.10.6.233,108.61.117.147,73,0.11611200000334065
10.10.6.233,108.61.117.147,82,0.002198999995016493
108.61.117.147,10.10.6.233,732,0.03908200000296347
108.61.117.147,10.10.6.233,69,0.015596999990520999
108.61.117.147,10.10.6.233,693,0.023308000003453344
10.10.6.233,108.61.117.147,73,0.051896000004489906
10.10.6.233,108.61.117.147,82,0.007849000001442619
108.61.117.147,10.10.6.233,69,0.017349000001559034
108.61.117.147,10.10.6.233,740,0.025976999997510575
108.61.117.147,10.10.6.233,676,0.03315600000496488
10.10.6.233,108.61.117.147,73,0.06782399999792688
10.10.6.233,108.61.117.147,82,0.015329000001656823
108.61.117.147,10.10.6.233,69,0.017324999993434176
108.61.117.147,10.10.6.233,676,0.022446000002673827
10.10.6.233,108.61.117.147,73,0.0506980000063777
10.10.6.233,108.61.117.147,82,0.011555999997653998
108.61.117.147,10.10.6.233,681,0.04350200000044424
108.61.117.147,10.10.6.233,69,0.010431999995489605
108.61.117.147,10.10.6.233,677,0.03097600000910461
10.10.6.233,108.61.117.147,73,0.058460999993258156
10.10.6.233,108.61.117.147,82,0.012891999998828396
108.61.117.147,10.10.6.233,678,0.03917399999045301
108.61.117.147,10.10.6.233,69,0.014587000012397766
108.61.117.147,10.10.6.233,655,0.021945999993477017
10.10.6.233,108.61.117.147,73,0.05743500000971835
10.10.6.233,108.61.117.147,82,0.009130999998888
108.61.117.147,10.10.6.233,69,0.0217560000019148
108.61.117.147,10.10.6.233,662,0.02011800000036601
10.10.6.233,108.61.117.147,73,0.051775999992969446
108.61.117.147,10.10.6.233,714,0.037802999999257736
10.10.6.233,108.61.117.147,82,0.014785999999730848
108.61.117.147,10.10.6.233,69,0.009244000000762753
108.61.117.147,10.10.6.233,733,0.032095999995362945
10.10.6.233,108.61.117.147,73,0.06423800000629853
10.10.6.233,108.61.117.147,82,0.005000999997719191
108.61.117.147,10.10.6.233,712,0.04727900000580121
108.61.117.147,10.10.6.233,69,0.01461899999412708
108.61.117.147,10.10.6.233,746,0.017206000004080124
10.10.6.233,108.61.117.147,73,0.05680700000084471
108.61.117.147,10.10.6.233,69,0.023434999995515682
10.10.6.233,108.61.117.147,82,0.01799399999435991
108.61.117.147,10.10.6.233,673,0.016513000009581447
10.10.6.233,108.61.117.147,73,0.04783700000552926
108.61.117.147,10.10.6.233,709,0.041947999998228624
10.10.6.233,108.61.117.147,82,0.016134999998030253
108.61.117.147,10.10.6.233,69,0.010404000000562519
108.61.117.147,10.10.6.233,729,0.028095999994548038
10.10.6.233,108.61.117.147,73,0.04938599999877624
10.10.6.233,108.61.117.147,82,0.01863400000729598
108.61.117.147,10.10.6.233,688,0.04392399999778718
108.61.117.147,10.10.6.233,69,0.01306700000714045
108.61.117.147,10.10.6.233,664,0.022239999991143122
10.10.6.233,108.61.117.147,73,0.05441299999074545
10.10.6.233,108.61.117.147,82,0.009614000009605661
108.61.117.147,10.10.6.233,69,0.028541000006953254
108.61.117.147,10.10.6.233,710,0.011780000000726432
10.10.6.233,108.61.117.147,73,0.05056599999079481
108.61.117.147,10.10.6.233,785,0.04071299999486655
108.61.117.147,10.10.6.233,69,0.008474000002024695
10.10.6.233,108.61.117.147,73,0.02080900000873953
10.10.6.233,108.61.117.147,82,0.0050269999919692054
108.61.117.147,10.10.6.233,69,0.019708000007085502
108.61.117.147,10.10.6.233,841,0.01102599999285303
10.10.6.233,108.61.117.147,73,0.05146000000240747
108.61.117.147,10.10.6.233,791,0.04455599999346305
10.10.6.233,108.61.117.147,82,0.016141999993124045
108.61.117.147,10.10.6.233,69,0.0037609999999403954
108.61.117.147,10.10.6.233,773,0.031156000011833385
10.10.6.233,108.61.117.147,73,0.05141400000138674
10.10.6.233,108.61.117.147,82,0.01587100001052022
108.61.117.147,10.10.6.233,724,0.039252999995369464
108.61.117.147,10.10.6.233,69,0.008365000001504086
108.61.117.147,10.10.6.233,744,0.032378999996581115
10.10.6.233,108.61.117.147,73,0.057674999989103526
108.61.117.147,10.10.6.233,69,0.02703800000017509
10.10.6.233,108.61.117.147,82,0.015523000009125099
108.61.117.147,10.10.6.233,863,0.013420000002952293
10.10.6.233,108.61.117.147,73,0.0479839999898104
108.61.117.147,10.10.6.233,784,0.04014199999801349
108.61.117.147,10.10.6.233,69,0.010024999995948747
10.10.6.233,108.61.117.147,82,0.021699000004446134
108.61.117.147,10.10.6.233,940,0.030597999997553416
10.10.6.233,108.61.117.147,73,0.048712000003433786
10.10.6.233,108.61.117.147,82,0.01706199999898672
108.61.117.147,10.10.6.233,770,0.0436900000058813
108.61.117.147,10.10.6.233,69,0.01538500000606291
108.61.117.147,10.10.6.233,768,0.020429999989573844
10.10.6.233,108.61.117.147,73,0.05526199999439996
10.10.6.233,108.61.117.147,82,0.011202000008779578
108.61.117.147,10.10.6.233,792,0.04286700001102872
108.61.117.147,10.10.6.233,69,0.013684999998076819
108.61.117.147,10.10.6.233,809,0.023201999996672384
10.10.6.233,108.61.117.147,73,0.060432999991462566
10.10.6.233,108.61.117.147,82,0.005711999998311512
108.61.117.147,10.10.6.233,69,0.02445899999293033
108.61.117.147,10.10.6.233,738,0.01942000001145061
10.10.6.233,108.61.117.147,73,0.05131500000425149
108.61.117.147,10.10.6.233,922,0.03648699999030214
10.10.6.233,108.61.117.147,82,0.01628599999821745
108.61.117.147,10.10.6.233,69,0.009679000009782612
108.61.117.147,10.10.6.233,740,0.029668999995919876
10.10.6.233,108.61.117.147,73,0.05677500000456348
10.10.6.233,108.61.117.147,82,0.015564000001177192
108.61.117.147,10.10.6.233,749,0.04026599999633618
108.61.117.147,10.10.6.233,69,0.00854599999729544
108.61.117.147,10.10.6.233,838,0.03229800000553951
10.10.6.233,108.61.117.147,73,0.049639000004390255
10.10.6.233,108.61.117.147,82,0.012171999987913296
108.61.117.147,10.10.6.233,69,0.01896899999701418
108.61.117.147,10.10.6.233,840,0.027293000006466173
10.10.6.233,108.61.117.147,73,0.05356200000096578
108.61.117.147,10.10.6.233,734,0.035010999999940395
10.10.6.233,108.61.117.147,82,0.01781200000550598
108.61.117.147,10.10.6.233,69,0.009420999995199963
108.61.117.147,10.10.6.233,799,0.02852300000085961
10.10.6.233,108.61.117.147,73,0.050166999993962236
10.10.6.233,108.61.117.147,82,0.015901999999186955
108.61.117.147,10.10.6.233,774,0.04447799999616109
108.61.117.147,10.10.6.233,69,0.01171000000613276
108.61.117.147,10.10.6.233,834,0.024955000000772998
10.10.6.233,108.61.117.147,73,0.06534100000862963
10.10.6.233,108.61.117.147,82,0.0031380000000353903
108.61.117.147,10.10.6.233,786,0.0411210000020219
108.61.117.147,10.10.6.233,69,0.007665999990422279
108.61.117.147,10.10.6.233,717,0.02951500000199303
10.10.6.233,108.61.117.147,73,0.059892999997828156
10.10.6.233,108.61.117.147,82,0.011513000004924834
108.61.117.147,10.10.6.233,69,0.018309000006411225
108.61.117.147,10.10.6.233,700,0.02308400000038091
10.10.6.233,108.61.117.147,73,0.05624499999976251
10.10.6.233,108.61.117.147,82,0.009261999992304482
108.61.117.147,10.10.6.233,702,0.044159999990370125
108.61.117.147,10.10.6.233,69,0.011563000007299706
108.61.117.147,10.10.6.233,683,0.023642999993171543
10.10.6.233,108.61.117.147,73,0.05412100000830833
108.61.117.147,10.10.6.233,69,0.02866300000459887
10.10.6.233,108.61.117.147,82,0.01700199999322649
108.61.117.147,10.10.6.233,700,0.017367000007652678
108.61.117.147,10.10.6.233,682,0.03276299999561161
10.10.6.233,108.61.117.147,73,0.04976199999509845
108.61.117.147,10.10.6.233,69,0.017418999996152706
10.10.6.233,108.61.117.147,82,0.01670600000943523
108.61.117.147,10.10.6.233,687,0.024778999999398366
10.10.6.233,108.61.117.147,73,0.045576999997138046
10.10.6.233,108.61.117.147,82,0.01437600000645034
108.61.117.147,10.10.6.233,799,0.04097600000386592
108.61.117.147,10.10.6.233,69,0.016514000002644025
108.61.117.147,10.10.6.233,681,0.02169599999615457
10.10.6.233,108.61.117.147,73,0.04914599999028724
10.10.6.233,108.61.117.147,82,0.012088000003132038
108.61.117.147,10.10.6.233,69,0.02098899999691639
108.61.117.147,10.10.6.233,674,0.019064000007347204
10.10.6.233,108.61.117.147,73,0.04618099999788683
10.10.6.233,108.61.117.147,82,0.014974999998230487
108.61.117.147,10.10.6.233,720,0.03944500000216067
108.61.117.147,10.10.6.233,69,0.008951999989221804
108.61.117.147,10.10.6.233,743,0.03155400000105146
10.10.6.233,108.61.117.147,73,0.048681000000215136
10.10.6.233,108.61.117.147,82,0.010170000008656643
108.61.117.147,10.10.6.233,69,0.022978000008151866
108.61.117.147,10.10.6.233,664,0.01592799999343697
10.10.6.233,108.61.117.147,73,0.047123999989707954
108.61.117.147,10.10.6.233,711,0.04009599999699276
10.10.6.233,108.61.117.147,82,0.017058000012184493
108.61.117.147,10.10.6.233,69,0.00923999999940861
108.61.117.147,10.10.6.233,668,0.03156000000308268
10.10.6.233,108.61.117.147,73,0.06352799999876879
10.10.6.233,108.61.117.147,82,0.005311000000801869
108.61.117.147,10.10.6.233,716,0.04026700000395067
108.61.117.147,10.10.6.233,69,0.010750999994343147
108.61.117.147,10.10.6.233,661,0.02888300000631716
10.10.6.233,108.61.117.147,73,0.0533069999946747
10.10.6.233,108.61.117.147,82,0.01018899999326095
108.61.117.147,10.10.6.233,69,0.019700999997439794
108.61.117.147,10.10.6.233,749,0.022763999993912876
10.10.6.233,108.61.117.147,73,0.04911400000855792
10.10.6.233,108.61.117.147,82,0.009888000000501052
108.61.117.147,10.10.6.233,665,0.03800000000046566
108.61.117.147,10.10.6.233,69,0.008864000003086403
108.61.117.147,10.10.6.233,722,0.030391000007512048
10.10.6.233,108.61.117.147,73,0.05455600000277627
10.10.6.233,108.61.117.147,82,0.013928999993368052
108.61.117.147,10.10.6.233,69,0.024448999989544973
108.61.117.147,10.10.6.233,778,0.01994600000034552
10.10.6.233,108.61.117.147,73,0.04794800000672694
108.61.117.147,10.10.6.233,687,0.03530400000454392
10.10.6.233,108.61.117.147,82,0.01212699999450706
108.61.117.147,10.10.6.233,69,0.009514999997918494
108.61.117.147,10.10.6.233,666,0.03279399999883026
10.10.6.233,108.61.117.147,73,0.04714399999647867
10.10.6.233,108.61.117.147,82,0.013911000001826324
108.61.117.147,10.10.6.233,69,0.02290999999968335
108.61.117.147,10.10.6.233,667,0.014760000005480833
10.10.6.233,108.61.117.147,73,0.04679500000202097
108.61.117.147,10.10.6.233,733,0.039615999994566664
10.10.6.233,108.61.117.147,82,0.01244399999268353
108.61.117.147,10.10.6.233,69,0.009734999999636784
108.61.117.147,10.10.6.233,681,0.03153200000815559
10.10.6.233,108.61.117.147,73,0.047418000001925975
108.61.117.147,10.10.6.233,69,0.024904999998398125
10.10.6.233,108.61.117.147,82,0.01581399999849964
108.61.117.147,10.10.6.233,743,0.014305999997304752
10.10.6.233,108.61.117.147,73,0.04714800001238473
108.61.117.147,10.10.6.233,774,0.04025799999362789
10.10.6.233,108.61.117.147,82,0.015108999999938533
108.61.117.147,10.10.6.233,69,0.00966300000436604
108.61.117.147,10.10.6.233,775,0.030419000002439134
10.10.6.233,108.61.117.147,73,0.050072999991243705
10.10.6.233,108.61.117.147,82,0.016042999995988794
108.61.117.147,10.10.6.233,716,0.040198000002419576
108.61.117.147,10.10.6.233,69,0.008772000001044944
108.61.117.147,10.10.6.233,717,0.031134999997448176
10.10.6.233,108.61.117.147,73,0.05818100000033155
10.10.6.233,108.61.117.147,82,0.006041000000550412
108.61.117.147,10.10.6.233,69,0.02764499999466352
108.61.117.147,10.10.6.233,716,0.012528999999631196
10.10.6.233,108.61.117.147,73,0.045129000005545095
108.61.117.147,10.10.6.233,737,0.03920700000890065
10.10.6.233,108.61.117.147,82,0.018150000003515743
108.61.117.147,10.10.6.233,69,0.008949999988544732
108.61.117.147,10.10.6.233,805,0.03167700000631157
10.10.6.233,108.61.117.147,73,0.049056000003474765
108.61.117.147,10.10.6.233,69,0.026020000004791655
10.10.6.233,108.61.117.147,82,0.015537999992375262
108.61.117.147,10.10.6.233,699,0.013324999992619269
10.10.6.233,108.61.117.147,73,0.04208899999503046
10.10.6.233,108.61.117.147,82,0.013845000008586794
108.61.117.147,10.10.6.233,696,0.04490200000873301
108.61.117.147,10.10.6.233,69,0.013665999998920597
108.61.117.147,10.10.6.233,696,0.02141000000119675
10.10.6.233,108.61.117.147,73,0.05410399999527726
10.10.6.233,108.61.117.147,82,0.00990000000456348
108.61.117.147,10.10.6.233,727,0.03995799999393057
108.61.117.147,10.10.6.233,69,0.008014999999431893
10.10.6.233,108.61.117.147,73,0.048553000000538304
108.61.117.147,10.10.6.233,720,0.031745000000228174
108.61.117.147,10.10.6.233,69,0.011018999997759238
10.10.6.233,108.61.117.147,82,0.015549999996437691
108.61.117.147,10.10.6.233,730,0.02966000000014901
10.10.6.233,108.61.117.147,73,0.046864000003552064
10.10.6.233,108.61.117.147,82,0.010500000003958121
108.61.117.147,10.10.6.233,718,0.04218099999707192
108.61.117.147,10.10.6.233,69,0.008929000003263354
108.61.117.147,10.10.6.233,727,0.02921799999603536
10.10.6.233,108.61.117.147,73,0.053590999988955446
108.61.117.147,10.10.6.233,69,0.017298000006121583
10.10.6.233,108.61.117.147,82,0.016988000003038906
108.61.117.147,10.10.6.233,837,0.023421999998390675
10.10.6.233,108.61.117.147,73,0.046081000007689
10.10.6.233,108.61.117.147,82,0.014041999995242804
108.61.117.147,10.10.6.233,878,0.039765000008628704
108.61.117.147,10.10.6.233,69,0.009274999989429489
108.61.117.147,10.10.6.233,821,0.03022200000123121
10.10.6.233,108.61.117.147,73,0.046866000004229136
108.61.117.147,10.10.6.233,69,0.020453000004636124
10.10.6.233,108.61.117.147,82,0.01699899999948684
108.61.117.147,10.10.6.233,798,0.025683999992907047
10.10.6.233,108.61.117.147,73,0.04385299999557901
10.10.6.233,108.61.117.147,82,0.016577000002143905
108.61.117.147,10.10.6.233,881,0.038511999999172986
108.61.117.147,10.10.6.233,69,0.007301000005099922
108.61.117.147,10.10.6.233,759,0.027002000002539717
10.10.6.233,108.61.117.147,73,0.046849999998812564
108.61.117.147,10.10.6.233,69,0.0257969999947818
10.10.6.233,108.61.117.147,82,0.016044000003603287
108.61.117.147,10.10.6.233,751,0.014623000010033138
10.10.6.233,108.61.117.147,73,0.0445379999873694
108.61.117.147,10.10.6.233,739,0.04129699998884462
10.10.6.233,108.61.117.147,82,0.01585700000578072
108.61.117.147,10.10.6.233,69,0.013026000000536442
108.61.117.147,10.10.6.233,745,0.02604799999971874
10.10.6.233,108.61.117.147,73,0.04917500000738073
10.10.6.233,108.61.117.147,82,0.014881999988574535
108.61.117.147,10.10.6.233,69,0.03226600000925828
108.61.117.147,10.10.6.233,747,0.006997999997111037
108.61.117.147,10.10.6.233,801,0.040532999992137775
10.10.6.233,108.61.117.147,73,0.050711000003502704
108.61.117.147,10.10.6.233,69,0.016450000010081567
10.10.6.233,108.61.117.147,82,0.02080900000873953
108.61.117.147,10.10.6.233,749,0.02439399999275338
10.10.6.233,108.61.117.147,73,0.04711899999529123
108.61.117.147,10.10.6.233,792,0.040195000008679926
10.10.6.233,108.61.117.147,82,0.021517999994102865
108.61.117.147,10.10.6.233,69,0.01158900000154972
108.61.117.147,10.10.6.233,731,0.027460999990580603
10.10.6.233,108.61.117.147,73,0.0479639999975916
10.10.6.233,108.61.117.147,82,0.012056000006850809
108.61.117.147,10.10.6.233,780,0.03982800000812858
108.61.117.147,10.10.6.233,69,0.00849999999627471
10.10.6.233,108.61.117.147,73,0.04883699999481905
108.61.117.147,10.10.6.233,798,0.033070000004954636
10.10.6.233,108.61.117.147,82,0.013992000007419847
108.61.117.147,10.10.6.233,69,0.013216999999713153
108.61.117.147,10.10.6.233,743,0.02558199998748023
10.10.6.233,108.61.117.147,73,0.05284899999969639
108.61.117.147,10.10.6.233,832,0.0398060000006808
108.61.117.147,10.10.6.233,69,0.009727000011480413
10.10.6.233,108.61.117.147,82,0.046254999993834645
108.61.117.147,10.10.6.233,744,0.032306999986758456
10.10.6.233,108.61.117.147,73,0.0472719999961555
108.61.117.147,10.10.6.233,744,0.03808800000115298
10.10.6.233,108.61.117.147,82,0.014841000011074357
108.61.117.147,10.10.6.233,69,0.016521000012289733
108.61.117.147,10.10.6.233,725,0.02359299999079667
10.10.6.233,108.61.117.147,73,0.04786999999487307
10.10.6.233,108.61.117.147,82,0.01070899999467656
108.61.117.147,10.10.6.233,735,0.03988700000627432
108.61.117.147,10.10.6.233,69,0.008178999996744096
108.61.117.147,10.10.6.233,770,0.035138999999617226
10.10.6.233,108.61.117.147,73,0.0560820000100648
10.10.6.233,108.61.117.147,82,0.012483999991673045
108.61.117.147,10.10.6.233,69,0.021053000004030764
108.61.117.147,10.10.6.233,820,0.02002599999832455
10.10.6.233,108.61.117.147,73,0.048739000005298294
108.61.117.147,10.10.6.233,837,0.03559299999324139
10.10.6.233,108.61.117.147,82,0.011941000004298985
108.61.117.147,10.10.6.233,69,0.014424000008148141
108.61.117.147,10.10.6.233,770,0.024934000000939704
10.10.6.233,108.61.117.147,73,0.05370099999709055
10.10.6.233,108.61.117.147,82,0.012761999998474494
108.61.117.147,10.10.6.233,771,0.045814999990398064
108.61.117.147,10.10.6.233,69,0.014745000007678755
10.10.6.233,108.61.117.147,73,0.05114999999932479
108.61.117.147,10.10.6.233,755,0.02149199999985285
10.10.6.233,108.61.117.147,82,0.014538000003085472
108.61.117.147,10.10.6.233,69,0.015254999991157092
108.61.117.147,10.10.6.233,769,0.023274000006495044
10.10.6.233,108.61.117.147,73,0.04558399999223184
10.10.6.233,108.61.117.147,82,0.018999000007170253
108.61.117.147,10.10.6.233,729,0.04135600000154227
108.61.117.147,10.10.6.233,69,0.010528999991947785
108.61.117.147,10.10.6.233,909,0.03098100000352133
10.10.6.233,108.61.117.147,73,0.04660400000284426
10.10.6.233,108.61.117.147,82,0.007866999992984347
108.61.117.147,10.10.6.233,69,0.01802299999690149
108.61.117.147,10.10.6.233,759,0.0191670000058366
10.10.6.233,108.61.117.147,73,0.04775100000551902
10.10.6.233,108.61.117.147,82,0.01624699999229051
108.61.117.147,10.10.6.233,759,0.03953999999794178
108.61.117.147,10.10.6.233,69,0.009826000008615665
108.61.117.147,10.10.6.233,836,0.031168999994406477
10.10.6.233,108.61.117.147,73,0.05260700000508223
10.10.6.233,108.61.117.147,82,0.01263499999186024
108.61.117.147,10.10.6.233,69,0.02478700000210665
108.61.117.147,10.10.6.233,817,0.014815999995335005
10.10.6.233,108.61.117.147,73,0.04357800001162104
108.61.117.147,10.10.6.233,734,0.03949700000521261
10.10.6.233,108.61.117.147,82,0.014956999992136844
108.61.117.147,10.10.6.233,69,0.009076000002096407
108.61.117.147,10.10.6.233,727,0.03958099998999387
10.10.6.233,108.61.117.147,73,0.04920999999740161
10.10.6.233,108.61.117.147,82,0.012020000009215437
108.61.117.147,10.10.6.233,69,0.017586000001756474
108.61.117.147,10.10.6.233,726,0.020075000007636845
10.10.6.233,108.61.117.147,73,0.045605999999679625
108.61.117.147,10.10.6.233,708,0.033799999990151264
10.10.6.233,108.61.117.147,82,0.01542199999676086
108.61.117.147,10.10.6.233,69,0.008610000004409812
108.61.117.147,10.10.6.233,829,0.03521299999556504
10.10.6.233,108.61.117.147,73,0.046912999998312443
10.10.6.233,108.61.117.147,82,0.01371300000755582
108.61.117.147,10.10.6.233,69,0.022112999999080785
108.61.117.147,10.10.6.233,738,0.019536000007065013
10.10.6.233,108.61.117.147,73,0.05151499999919906
108.61.117.147,10.10.6.233,752,0.04020999999193009
10.10.6.233,108.61.117.147,82,0.015290999988792464
108.61.117.147,10.10.6.233,69,0.01395300000149291
108.61.117.147,10.10.6.233,813,0.02337400001124479
10.10.6.233,108.61.117.147,73,0.04735700000310317
10.10.6.233,108.61.117.147,82,0.02010100000188686
108.61.117.147,10.10.6.233,865,0.03779099999519531
108.61.117.147,10.10.6.233,69,0.007985999996890314
10.10.6.233,108.61.117.147,73,0.041674000007333234
108.61.117.147,10.10.6.233,774,0.03727600000274833
10.10.6.233,108.61.117.147,82,0.01436699999612756
108.61.117.147,10.10.6.233,69,0.016128999995999038
108.61.117.147,10.10.6.233,773,0.02011700000730343
10.10.6.233,108.61.117.147,73,0.051913999996031635
10.10.6.233,108.61.117.147,82,0.01206399999500718
108.61.117.147,10.10.6.233,754,0.04467199998907745
108.61.117.147,10.10.6.233,69,0.0036380000092322007
108.61.117.147,10.10.6.233,750,0.03038199999718927
10.10.6.233,108.61.117.147,73,0.04896700000972487
10.10.6.233,108.61.117.147,82,0.015108999999938533
108.61.117.147,10.10.6.233,69,0.02188499999465421
108.61.117.147,10.10.6.233,790,0.021984999999403954
10.10.6.233,108.61.117.147,73,0.04703600000357255
10.10.6.233,108.61.117.147,82,0.008868999997503124
108.61.117.147,10.10.6.233,746,0.03628900001058355
108.61.117.147,10.10.6.233,69,0.009060999989742413
108.61.117.147,10.10.6.233,746,0.02918399999907706
10.10.6.233,108.61.117.147,73,0.050352999998722225
10.10.6.233,108.61.117.147,82,0.01390999999421183
108.61.117.147,10.10.6.233,69,0.02538500000082422
108.61.117.147,10.10.6.233,760,0.015318000005208887
10.10.6.233,108.61.117.147,73,0.04785699999774806
108.61.117.147,10.10.6.233,794,0.0408750000060536
10.10.6.233,108.61.117.147,82,0.016438999999081716
108.61.117.147,10.10.6.233,69,0.009017999997013249
108.61.117.147,10.10.6.233,788,0.0345309999975143
10.10.6.233,108.61.117.147,73,0.0440530000050785
10.10.6.233,108.61.117.147,82,0.014936999999918044
108.61.117.147,10.10.6.233,69,0.023692999995546415
108.61.117.147,10.10.6.233,780,0.011827000009361655
10.10.6.233,108.61.117.147,73,0.0482730000076117
108.61.117.147,10.10.6.233,864,0.04161299999395851
10.10.6.233,108.61.117.147,82,0.009252999996533617
108.61.117.147,10.10.6.233,69,0.010253000000375323
108.61.117.147,10.10.6.233,887,0.029156000004149973
10.10.6.233,108.61.117.147,73,0.05585399999108631
10.10.6.233,108.61.117.147,82,0.015074000009917654
108.61.117.147,10.10.6.233,793,0.040123999991919845
108.61.117.147,10.10.6.233,69,0.010627000010572374
10.10.6.233,108.61.117.147,73,0.04653900000266731
108.61.117.147,10.10.6.233,773,0.03291499998886138
10.10.6.233,108.61.117.147,82,0.014012999992701225
108.61.117.147,10.10.6.233,69,0.012696999998297542
108.61.117.147,10.10.6.233,875,0.02430300001287833
10.10.6.233,108.61.117.147,73,0.04386200000590179
10.10.6.233,108.61.117.147,82,0.01966299999912735
108.61.117.147,10.10.6.233,731,0.03902499999094289
108.61.117.147,10.10.6.233,69,0.007746000002953224
108.61.117.147,10.10.6.233,726,0.033811000001151115
10.10.6.233,108.61.117.147,73,0.05162499999278225
10.10.6.233,108.61.117.147,82,0.01269499999762047
108.61.117.147,10.10.6.233,69,0.023298999993130565
108.61.117.147,10.10.6.233,785,0.014019000009284355
10.10.6.233,108.61.117.147,73,0.043883000005735084
108.61.117.147,10.10.6.233,702,0.04271899999002926
10.10.6.233,108.61.117.147,82,0.020080999995116144
108.61.117.147,10.10.6.233,69,0.009303000013460405
108.61.117.147,10.10.6.233,695,0.02845800000068266
10.10.6.233,108.61.117.147,73,0.045015000010607764
10.10.6.233,108.61.117.147,82,0.014644999988377094
108.61.117.147,10.10.6.233,69,0.028596999996807426
108.61.117.147,10.10.6.233,696,0.011013999988790601
10.10.6.233,108.61.117.147,73,0.04599100000632461
108.61.117.147,10.10.6.233,700,0.045869000008678995
10.10.6.233,108.61.117.147,82,0.018408000003546476
108.61.117.147,10.10.6.233,69,0.016216000003623776
108.61.117.147,10.10.6.233,701,0.02240999999048654
10.10.6.233,108.61.117.147,73,0.04697499999019783
10.10.6.233,108.61.117.147,82,0.009956000008969568
108.61.117.147,10.10.6.233,753,0.04047300000092946
108.61.117.147,10.10.6.233,69,0.01318100000207778
10.10.6.233,108.61.117.147,73,0.04982899999595247
108.61.117.147,10.10.6.233,802,0.022788000002037734
108.61.117.147,10.10.6.233,69,0.012459000005037524
10.10.6.233,108.61.117.147,82,0.01685200000065379
108.61.117.147,10.10.6.233,728,0.027128999994602054
10.10.6.233,108.61.117.147,73,0.049075999995693564
10.10.6.233,108.61.117.147,82,0.011517000006278977
108.61.117.147,10.10.6.233,701,0.04463200000463985
108.61.117.147,10.10.6.233,69,0.01358099999197293
108.61.117.147,10.10.6.233,703,0.026276999997207895
10.10.6.233,108.61.117.147,73,0.05029600000125356
10.10.6.233,108.61.117.147,82,0.013028999994276091
108.61.117.147,10.10.6.233,69,0.017356000011204742
108.61.117.147,10.10.6.233,755,0.01772299999720417
10.10.6.233,108.61.117.147,73,0.04696200000762474
10.10.6.233,108.61.117.147,82,0.012101999993319623
108.61.117.147,10.10.6.233,704,0.03989099999307655
108.61.117.147,10.10.6.233,69,0.00857700000051409
108.61.117.147,10.10.6.233,685,0.03230400000757072
10.10.6.233,108.61.117.147,73,0.05488799999875482
10.10.6.233,108.61.117.147,82,0.014118999999482185
108.61.117.147,10.10.6.233,69,0.02720199999748729
108.61.117.147,10.10.6.233,683,0.017257999992580153
10.10.6.233,108.61.117.147,73,0.05079200000909623
108.61.117.147,10.10.6.233,748,0.03497300000162795
10.10.6.233,108.61.117.147,82,0.00927399999636691
108.61.117.147,10.10.6.233,69,0.012712000010651536
108.61.117.147,10.10.6.233,748,0.02727500000037253
10.10.6.233,108.61.117.147,73,0.05145299999276176
10.10.6.233,108.61.117.147,82,0.02048000000650063
108.61.117.147,10.10.6.233,687,0.04482099998858757
108.61.117.147,10.10.6.233,69,0.013702000011107884
108.61.117.147,10.10.6.233,684,0.021447999999509193
10.10.6.233,108.61.117.147,73,0.04828000000270549
10.10.6.233,108.61.117.147,82,0.012527999992016703
108.61.117.147,10.10.6.233,69,0.022212999989278615
108.61.117.147,10.10.6.233,752,0.018112999998265877
10.10.6.233,108.61.117.147,73,0.04641900000569876
108.61.117.147,10.10.6.233,801,0.03948800000944175
10.10.6.233,108.61.117.147,82,0.016910999998799525
108.61.117.147,10.10.6.233,69,0.00902299999142997
108.61.117.147,10.10.6.233,721,0.03195200000482146
10.10.6.233,108.61.117.147,73,0.05176400000345893
10.10.6.233,108.61.117.147,82,0.008523999989847653
108.61.117.147,10.10.6.233,69,0.029233000008389354
108.61.117.147,10.10.6.233,711,0.010245999990729615
10.10.6.233,108.61.117.147,73,0.04768700001295656
108.61.117.147,10.10.6.233,695,0.040796000001137145
10.10.6.233,108.61.117.147,82,0.01988399999390822
108.61.117.147,10.10.6.233,69,0.011662000004434958
108.61.117.147,10.10.6.233,738,0.03240499999083113
10.10.6.233,108.61.117.147,73,0.05239899999287445
108.61.117.147,10.10.6.233,696,0.03558799999882467
10.10.6.233,108.61.117.147,74,0.02235100000689272
108.61.117.147,10.10.6.233,69,0.0079600000026403
88.212.196.72,10.10.6.233,66,0
88.212.196.101,10.10.6.233,66,86087.715414
88.212.196.101,10.10.6.233,66,0.0008459999953629449
88.212.196.101,10.10.6.233,66,0.0001340000017080456
10.10.6.233,88.212.196.101,73,86087.695859
10.10.6.233,88.212.196.101,73,0.0001990000018849969
10.10.6.233,88.212.196.101,73,9.299999510403723e-05
